lang,word
ara,شرف
ara,ريت
ara,أما
ara,لأن
ara,يغرد
ara,جحاش
ara,أصلا
ara,انت
ara,بدنا
ara,ياخد
ara,يلعن
ara,من
ara,شوي
ara,لون
ara,شر
ara,كل
ara,لازم
ara,بنص
ara,خطأ
ara,كيف
ara,حبيب
ara,وانت
ara,بهيك
ara,طيب
ara,اذا
ara,تعوي
ara,حمار
ara,بدك
ara,مو
ara,منذ
ara,واطي
ara,خلصت
ara,سوري
ara,أرنب
ara,الدم
ara,خلي
ara,رح
ara,الذي
ara,كوكب
ara,فهم
ara,قريب
ara,وهذا
ara,حشرة
ara,بغير
ara,حرق
ara,قليل
ara,ريس
ara,إن
ara,صادق
ara,أنت
ara,قاتل
ara,منك
ara,فيهم
ara,في
ara,كم
ara,كلام
ara,حساب
ara,ولكن
ara,فاسد
ara,عدو
ara,تحكي
ara,تميم
ara,يوم
ara,او
ara,هيدا
ara,الحر
ara,من وين
ara,العمى
ara,ارهابي
ara,يا ريس
ara,وطننا
ara,الكبير
ara,إسرائيل
ara,خنازير
ara,الكهربا
ara,ميزانية
ara,حمارة
ara,الدولة
ara,لوزير
ara,جماعة
ara,احسن ما
ara,مرتزق
ara,يا معالي
ara,مع جبران
ara,والله
ara,صرماية
ara,مش انت
ara,الوضع
ara,العربية
ara,معراب
ara,وهيدا
ara,يا وهاب
ara,رسالة
ara,انقبر
ara,وزارة
ara,معروفة
ara,القذر
ara,حسن نصر
ara,البغل
ara,الله لا
ara,الكلب
ara,البعض
ara,جبران
ara,العما
ara,العامة
ara,للدولة
ara,ايراني
ara,تحكي عن
ara,من بعد
ara,الخالد
ara,جربان
ara,صعلوك
ara,صباحك
ara,طال عمرك
ara,الناس
ara,يستاهل
ara,الشرف
ara,يا زلمي
ara,الإعلام
ara,جنبلاط
ara,عتيقة
ara,معالي
ara,تحياتي
ara,حليفة
ara,محاربة
ara,طعمرك
ara,انقلع
ara,أستاذ
ara,الدروز
ara,الكلام
ara,السبب
ara,الجحش
ara,الشيخ سعد
ara,باسيل بدو
ara,مياومو الإعلام
ara,السعوديه
ara,روح انقبر
ara,حضرة الرئيس
ara,الرئيس ميشال
ara,جبران باسيل
ara,الجمهورية
ara,الا جبران
ara,باسيل يلي
ara,العاهرات
ara,السيد حسن
ara,على جبران
ara,يخليلنا ياك
ara,النازحين
ara,لازم تكون
ara,الوزير جبران
ara,باسيل جبران
ara,القرضاوي
ara,وطننا يحتاج
ara,رئيس الجمهورية
ara,تصريحات جبران
ara,نحتاج الى
ara,يحتاج الى
ara,الخارجية
ara,الاسرائيلي
ara,معالي الوزير
ara,الله
ara,قصدك
ara,الوطني
ara,كما
ara,عا
ara,قول
ara,ناجحين
ara,فرنجية
ara,رئيس
ara,عليك
ara,بدو
ara,بقلبك
ara,اردوغان
ara,صوت الحق
ara,هو
ara,العظيم
ara,طشم
ara,تاكل
ara,باسيل ما
ara,نيعك
ara,مشكلة
ara,اين
ara,الى
ara,جحش
ara,علي
ara,من أن
ara,زمان
ara,قاريك
ara,لهم
ara,الشيخ
ara,مع
ara,العالم
ara,عندك
ara,بدهم حرق
ara,عرص
ara,تصريحات
ara,العدالة
ara,جنس
ara,نوع
ara,جايي
fas,آخه
fas,دهن
fas,بزرگ
fas,منم
fas,اين
fas,جام
fas,راست
fas,پر
fas,همه
fas,حضرت
fas,بدی
fas,برم
fas,پخش
fas,زیبا
fas,آقای
fas,ملخ
fas,مادر
fas,پرچم
fas,درس
fas,حالا
fas,آدم
fas,او
fas,کاری
fas,زنده
fas,قتل
fas,می
fas,کمک
fas,طلاق
fas,راحت
fas,داشت
fas,اول
fas,پای
fas,تنها
fas,ریدم
fas,هر
fas,بره
fas,پاره
fas,میشه
fas,مثلا
fas,ننه
fas,رد
fas,جا
fas,سوال
fas,کص
fas,که از
fas,غیر
fas,هم
fas,کثیف
fas,بزنه
fas,به ما
fas,هرکی
fas,دل
fas,دشمن
fas,کل
fas,بشر
fas,باش
fas,بازم
fas,چه
fas,پا
fas,سخت
fas,میدم
fas,اصلا
fas,باشه
fas,شه
fas,یه
fas,خاک
fas,تروریست
fas,خامنه ای
fas,میزنم
fas,قبل از
fas,اعلام
fas,افغانی
fas,میکنی
fas,ایران را
fas,حکومتی
fas,بیرون
fas,احترام
fas,گزارش
fas,میکنن
fas,انگار
fas,اینکه
fas,استقلال
fas,تهران
fas,دانشگاه
fas,امروز
fas,باید کشت
fas,اینها
fas,مرگ بر
fas,میکند
fas,نداره
fas,دوران
fas,بودند
fas,زیبایی
fas,مذهبی
fas,رحیم پور
fas,مرتضوی
fas,کیر تو
fas,تحریم
fas,اروپا
fas,اینجا
fas,نوشته
fas,آتیشت
fas,هستیم
fas,اسرائیل
fas,فردوسی
fas,جامعه
fas,تهدید
fas,بی شرف
fas,برابر
fas,نداریم
fas,خواهیم
fas,دوباره
fas,زارچی
fas,رسانه
fas,میکنم
fas,نباید
fas,روحانی
fas,ایران
fas,اعدام
fas,آخوندی
fas,حکومت
fas,در مورد
fas,سیاسی
fas,ترامپ
fas,همیشه
fas,استفاده
fas,هیچکس
fas,میگیره
fas,بیشتر
fas,کرونا
fas,خامنه
fas,انقدر
fas,شریفی زارچی
fas,پرسپولیس
fas,مهدی ترابی
fas,یامین پور
fas,انتخابات
fas,تروریستی
fas,این توییت
fas,ایرانیان
fas,رائفی_پور
fas,اعتراضات_سراسری
fas,علیرضا دبیر
fas,مهسا_امینی
fas,مهسا_امینی اعتصابات_سراسری
fas,مردم ایران
fas,اعتصابات_سراسری
fas,رتبه کنکور
fas,جام جهانی
fas,عمل زیبایی
fas,زیباکلام
fas,مرگ_بر_ستمگر_چه_شاه_باشه_چه_رهبر
fas,افغانستان
fas,زیبا کلام
fas,جبرائیلی
fas,نگار مرتضوی
fas,حرومزاده
fas,زن_زندگی_آزادی
fas,بقیه
fas,گوه
fas,آتشت
fas,نگار
fas,میخواد
fas,حتما
fas,کنکور
fas,سرت
fas,رو با
fas,رو به
fas,تا
fas,دفاع
fas,حجاب
fas,مهدی
fas,شرف
fas,اصلاح
fas,مشکل
fas,پول
fas,زندگی
fas,هستند
fas,من
fas,نابودی
fas,توتونچی
fas,از این
fas,کسکش
fas,برید
fas,شان
fas,سه
fas,خوبی
fas,گفتن
fas,ضد
fas,داد
fas,کردن
fas,کثافت
fas,ای
fas,دیگه
fas,پرست
fas,خدا
fas,حقوق
fas,آخوند
fas,علم
fas,بوده
heb,שאני
heb,רוצח
heb,עצמו
heb,כל כך
heb,כי לא
heb,כי
heb,נהרג
heb,אינו
heb,כל
heb,בן
heb,אדם
heb,ימות
heb,פשעי
heb,סנדק
heb,פי
heb,יש
heb,בני
heb,מחמד
heb,אבן
heb,נראה
heb,ניתן
heb,קאסם
heb,תהיה
heb,נכון
heb,עוכר
heb,יורש
heb,אותי
heb,רכב
heb,לדבר
heb,אסור
heb,אנטי
heb,הזה
heb,אין
heb,גזען
heb,תקרא
heb,היתה
heb,איפה
heb,יום
heb,עם
heb,גם
heb,יכול
heb,ככה
heb,לנו
heb,תוך
heb,בלי
heb,מי
heb,שום
heb,מלא
heb,הכל
heb,שלהם
heb,איך
heb,אני
heb,בעזה
heb,קשה
heb,כך
heb,אזרח
heb,סגר
heb,כלפי
heb,שחור
heb,כמעט
heb,בעד
heb,משרד
heb,כבר
heb,נפש
heb,שהיד
heb,חינם
heb,עם ישראל
heb,להגיד
heb,במקום
heb,ינואר
heb,לשרוף את
heb,אחרים
heb,מדבר על
heb,אז אני
heb,להיות
heb,ההגדרה
heb,לעשות
heb,לתמוך
heb,יודעת
heb,שאנחנו
heb,לא מבין
heb,הכביש
heb,ילדים
heb,ימנים
heb,אורגני
heb,אדם לא
heb,להשמיד
heb,חודשים
heb,הבנתי
heb,משטרה
heb,אבל לא
heb,לשרוף
heb,עשרות
heb,בליכוד
heb,במדינה
heb,החדשה
heb,גדעון
heb,אני רוצה
heb,רצח את
heb,פיגוע
heb,משטרתי
heb,אמרתי
heb,לא רוצה
heb,גזענות
heb,מעניין
heb,אבנים
heb,להפיל
heb,מכות רצח
heb,בגלל זה
heb,המשטרה
heb,דווקא
heb,אנטישמי
heb,בשביל
heb,מוסלמי
heb,חיסון
heb,אבל זה
heb,פלסטיני
heb,מדינת
heb,במסגרת
heb,כיבוש
heb,ציונות
heb,הלאום
heb,אף אחד
heb,האלימות
heb,הבריאות
heb,על הכביש
heb,לרצוח
heb,התמונה
heb,משטרת
heb,הציבור
heb,ביותר
heb,בחודש
heb,סולימאני
heb,ערביי ישראל
heb,הרבה יותר
heb,גידול ערבי
heb,מדינת ישראל
heb,המפגינים
heb,יורש העצר
heb,צריך להיות
heb,תומכי טרור
heb,פלסטינים
heb,הפלסטיני
heb,להיות ציוני
heb,אוטו אנטישמי
heb,הפלסטינית
heb,עוכר ישראל
heb,ראש הממשלה
heb,ערבי מחמד
heb,עוז
heb,של
heb,שמאל
heb,חסן
heb,כן
heb,יופי
heb,לא היה
heb,לך
heb,טרור
heb,אתמול
heb,וזה
heb,אצל
heb,חיים
heb,מגיע
heb,בושה
heb,חוק
heb,לו
heb,מספיק
heb,פעם
heb,הרשות
heb,בזוי
heb,מכיר
heb,ילד
heb,שרצח
heb,כזה
heb,הוא
heb,שלא
heb,בדרך
heb,ערבי זה
heb,אוטו
heb,אלא
heb,מאוד
heb,כציוני
heb,הזו
heb,רצח
heb,גידול
heb,הכי
heb,ואני
heb,תותח
heb,היום
heb,הארץ
heb,תמיד
heb,מוחמד
heb,זה
heb,ימח
heb,אלף
heb,הבעיה
heb,גדול
heb,העצר
heb,אך
heb,כאן
urd,جیسا
urd,یہاں
urd,عالم
urd,آپ کے
urd,رونا
urd,کلام
urd,گندی
urd,رکھ
urd,سنا
urd,چشتی
urd,بار
urd,فرقے
urd,تیرے
urd,بیت
urd,کیا
urd,گا
urd,پردہ
urd,سب
urd,آل
urd,مجھے
urd,ظلم
urd,باپ
urd,شخص
urd,مرزا
urd,تاکہ
urd,لبیک
urd,ہوتے
urd,کسی
urd,او
urd,بد
urd,عمر
urd,ملے
urd,بہت
urd,سے
urd,نا
urd,بھی
urd,ہر
urd,ثابت
urd,خان
urd,ہو
urd,اپ
urd,پئی
urd,پیر
urd,اس
urd,ہم
urd,یہ
urd,مگر
urd,نبی
urd,تجھے
urd,نکال
urd,کے
urd,باہر
urd,گی
urd,دن
urd,دیکھ
urd,اندر
urd,جی
urd,بیان
urd,رضوی
urd,خطیب
urd,کہنا
urd,جو
urd,ابو
urd,تمام
urd,رضی
urd,دیا
urd,لوگوں
urd,لوگوں کے
urd,لعنت ہو
urd,دیکھ کر
urd,مولانا
urd,رہے ہیں
urd,گستاخی
urd,وہابی
urd,کو ہدایت
urd,ایمان
urd,ہیں دل
urd,اقرار
urd,بھائی
urd,لعنتی
urd,ابوبکر
urd,جہالت
urd,کے لئے
urd,کرتا ہوں
urd,افسوس
urd,اسلام کے
urd,عثمان
urd,عورتیں
urd,معاویہ
urd,ہمیشہ
urd,میں کوئی
urd,الیاس
urd,رضی اللہ
urd,بابا جی
urd,اللہ نے
urd,بہترین
urd,اہل بیت
urd,صلی اللہ
urd,ضروری
urd,افضلیت
urd,کر دیا
urd,محفوظ
urd,زندگی
urd,قادری
urd,جہلمی
urd,علی مرزا
urd,علی کے
urd,کی طرح
urd,سے بھی
urd,بکواس
urd,کے بارے
urd,الل پاک
urd,تعلیم
urd,اولاد
urd,مانتا
urd,سامنے
urd,پئی اے
urd,کائنات
urd,نہیں ہے
urd,باد دل
urd,صحابہ
urd,ویڈیو
urd,استاد
urd,گستاخ
urd,کرنے کی
urd,رہے ہو
urd,علی علیہ
urd,علیکم
urd,مولوی
urd,ڈاکٹر
urd,والوں
urd,صاحب نے
urd,علی بھائی
urd,ذوالفقار شاہ
urd,ماشاء اللہ
urd,ہنسی ہنسی
urd,امیر معاویہ
urd,الحمدللہ
urd,لبیک لبیک
urd,امام بارگاہ
urd,رونا رونا
urd,اقرار بھائی
urd,مولوی صاحب
urd,جزاک اللہ
urd,یاسین قادری
urd,ماشاءاللہ بہت
urd,پاکستان میں
urd,مفتی صاحب
urd,ذوالفقار
urd,ماشاءاللہ ماشاءاللہ
urd,زبردست ہنسی
urd,ماشاءاللہ
urd,صاحب زندہ
urd,تعالی عنہ
urd,میری مرضی
urd,تعالی
urd,بیٹھ کر
urd,ملک
urd,بحث
urd,پر
urd,چاہیے
urd,کسی کو
urd,عنہ
urd,کا
urd,کرنے
urd,ہمیں
urd,کرتا
urd,واہ
urd,کا نام
urd,اس طرح
urd,مرد
urd,ھو
urd,ثمر
urd,بچہ
urd,گالیاں
urd,کی
urd,مولویوں
urd,فرقہ
urd,ان
urd,ہے
urd,محبت
urd,بنایا
urd,عزت
urd,حضرت
urd,بات ہے
urd,حق خطیب
urd,اپ کو
urd,ہی
urd,بہن
urd,پاگل
urd,آمین
urd,نہی
urd,کہیں
urd,کرتے ہیں
urd,کام
urd,کوئی
urd,ایسی
urd,رھا
urd,وجہ سے
urd,نے
